image,tn,fp,fn,tp,crack_IoU,F1,empty_prediction,zero_overlap,boundary_pm,boundary_pn,boundary_gm,boundary_gn,boundary_F1
1003.jpg,983527,3425,4158,57466,0.8834263401435841,0.9381055380973758,False,False,1189,2705,1151,2476,0.4518554849846114
1010.jpg,938520,6096,4683,99277,0.9020589518063531,0.9485078797896175,False,False,1844,3872,1839,3778,0.4814450524020319
1013.jpg,955842,3946,8088,80700,0.8702309832423922,0.9306133745401709,False,False,1782,4254,1784,4258,0.4189379485602191
102.jpg,1022981,6549,1031,18015,0.7038484078921664,0.8261866544370557,False,False,1274,2793,1283,2471,0.48564170130371165
1026.jpg,968664,2815,6859,70238,0.8789418360196216,0.9355710955710955,False,False,1728,3711,1754,3672,0.471579104596046
1032.jpg,968944,3516,2641,73475,0.9226818364476592,0.9597862932458999,False,False,1934,3329,1974,3388,0.5817987085789994
1034.jpg,944194,7613,2097,94672,0.9069762985955433,0.9512192671335417,False,False,1176,3033,1191,2946,0.3958332008581846
1044.jpg,1006958,5882,5879,29857,0.7174059301263876,0.8354529555788738,False,False,1494,3565,1505,3145,0.44683625870743654
1045.jpg,1019287,1042,6583,21664,0.7396633548431152,0.8503522854395227,False,False,1412,2879,1385,2836,0.4894037636105896
1058.jpg,998544,3016,5673,41343,0.8263311480652382,0.9049083447332421,False,False,2002,3915,2011,3866,0.5157335998155872
1060.jpg,1014868,533,7475,25700,0.7624302836121989,0.8652033396175599,False,False,904,2632,897,2606,0.3438349635594845
1079.jpg,1009476,25469,103,13528,0.3459846547314578,0.5140989587291935,False,False,286,3671,275,1854,0.10215818086998764
1082.jpg,1020568,1107,5166,21735,0.7760282776349614,0.8738918038719016,False,False,1460,2890,1467,2860,0.5090342153452728
1084.jpg,1013681,5336,1859,27700,0.7938100014328701,0.8850547168304178,False,False,1156,2628,1165,2571,0.4464063154656781
1086.jpg,998832,23816,271,25657,0.5157807976841429,0.6805480033421307,False,False,1236,5195,1249,3095,0.29935383787530995
1096.jpg,1009230,4538,5522,29286,0.7443196258831901,0.8534211446555543,False,False,1647,3852,1694,3675,0.443634141577052
1107.jpg,1023396,10386,639,14155,0.562152501985703,0.7197152663022753,False,False,1217,2871,1193,1623,0.5377044286848087
1122.jpg,1005056,15591,4621,23308,0.5355698529411764,0.6975519243430898,False,False,610,4018,619,1954,0.20526316075586246
1124.jpg,967516,59780,1099,20181,0.2489637305699482,0.39867247459033395,False,False,1268,7286,1281,2654,0.25582397104319377
1126.jpg,1012425,9794,535,25822,0.7142817626068435,0.8333306439901247,False,False,927,3038,935,2954,0.31072321222437166
1147.jpg,1010289,5664,418,32205,0.841147125656228,0.9137207058957045,False,False,1903,3240,1904,3148,0.5959588815556822
1163.jpg,1005250,10563,1094,31669,0.7309467756081799,0.8445629708647243,False,False,1173,3251,1169,2786,0.3879909405201773
1169.jpg,1001069,5981,3853,37673,0.7929989264739933,0.884550363935196,False,False,1506,3516,1524,3341,0.44180162907738546
1175.jpg,986306,7746,5555,48969,0.7863979444355227,0.880428626650725,False,False,2233,4436,2246,4121,0.5233707804080143
118.jpg,1031613,4631,307,12025,0.70889583210517,0.8296536497861184,False,False,1905,3057,1927,2895,0.6436953995567524
12.jpg,1036141,917,2691,8827,0.7098512263771612,0.8303075910074311,False,False,2141,2736,2180,2769,0.7849013222921323
1227.jpg,1017750,2471,2755,25600,0.8304677869331084,0.9073831212561585,False,False,1659,2614,1674,2498,0.6519155241221322
1232.jpg,1010182,4724,806,32864,0.8559670781893004,0.9223946784922394,False,False,1847,2994,1845,3015,0.6144103722875583
1237.jpg,995881,918,7282,44495,0.8443875130467786,0.9156291799567857,False,False,990,2680,983,2701,0.3666507799857962
1238.jpg,997827,640,8928,41181,0.8114642653057204,0.8959208093114326,False,False,718,2691,708,2660,0.26648996568380234
1269.jpg,1013239,3195,3669,28473,0.8057560064521606,0.8924306535025858,False,False,1763,2741,1778,2995,0.6174338907369867
1289.jpg,1009077,1071,4045,34383,0.8704777336135092,0.930754446279202,False,False,2283,3455,2284,3418,0.6644833984664961
1301.jpg,1014432,1594,3325,29225,0.8559336925960638,0.9223752939134277,False,False,1717,2511,1704,2499,0.6828306859876864
132.jpg,1021783,9344,704,16745,0.6249766730116075,0.7692131011989526,False,False,1460,3003,1455,2164,0.5643126631650043
1330.jpg,1015156,3961,2166,27293,0.8166666666666667,0.8990825688073395,False,False,1805,2876,1846,2763,0.6472279246421364
1337.jpg,988625,5656,2026,52269,0.8718620206501977,0.9315451791124577,False,False,1317,2944,1329,2951,0.44884814713805277
136.jpg,1012822,24909,256,10589,0.29616266711416905,0.4569837947478584,False,False,844,4067,835,1446,0.30532221319396263
1362.jpg,1007016,8920,798,31842,0.7661693936477382,0.8676057873082478,False,False,919,2608,908,2492,0.35827137107542545
1374.jpg,1007653,5885,2053,32985,0.8060259511765999,0.8925962006819289,False,False,1564,2650,1548,2727,0.5787034845948981
138.jpg,1012080,23093,519,12884,0.35302498903989477,0.5218307006885379,False,False,1201,4208,1178,1783,0.39861845059039297
14.jpg,1038636,721,2023,7196,0.723943661971831,0.8398692810457516,False,False,2613,2835,2704,3060,0.9022760097614423
1411.jpg,1007746,1751,7235,31844,0.7799167278961547,0.876351927787104,False,False,1581,2474,1562,2494,0.6326104381457494
1422.jpg,1004877,6082,1672,35945,0.822558868623996,0.9026417558133695,False,False,2168,3436,2188,3325,0.6442212469327545
1427.jpg,976245,7557,8499,56275,0.7780204891402027,0.8751535698178934,False,False,3042,5926,3061,5269,0.5450492194635742
144.jpg,1015448,3191,5992,23945,0.7228024631731466,0.839100800728891,False,False,2369,3974,2416,4353,0.5748382712962566
1445.jpg,1014625,2231,4204,27516,0.8104621366086419,0.8953096783640002,False,False,2128,3147,2133,3282,0.6627934559458237
1447.jpg,1006264,9128,1585,31599,0.7468094157685763,0.8550554044729471,False,False,1911,3449,1935,3170,0.5808791216559316
1454.jpg,1017195,5244,2767,23370,0.7447181415506198,0.8536830377527351,False,False,1453,2729,1465,2857,0.5224177668351984
1456.jpg,1017352,5074,4375,21775,0.6973802203433257,0.8217136172380611,False,False,1325,2918,1335,2814,0.4640232001762836
146.jpg,1033373,3698,1028,10477,0.689140301256331,0.8159657320872274,False,False,1907,2884,1975,2904,0.6705327872208832
1473.jpg,1005437,6093,3066,33980,0.787686316326294,0.8812354931988226,False,False,1927,3795,1949,3461,0.5340218780272892
1478.jpg,986454,2427,5145,54550,0.8781108142043077,0.9351001097092705,False,False,3083,4508,3071,4547,0.6796162249655621
1479.jpg,977414,6810,2096,62256,0.8748489362300104,0.933247387908678,False,False,3786,5516,3793,5598,0.6819367627898955
1480.jpg,973285,2421,6514,66356,0.8813271174509569,0.9369206548673816,False,False,3631,5338,3619,5380,0.6764259297132305
1481.jpg,998092,3193,2309,44982,0.8910149750415973,0.9423669159700836,False,False,1761,2792,1782,2814,0.6319939243553236
1484.jpg,989308,15613,1159,42496,0.7170142403995411,0.8351872960968515,False,False,1594,3064,1596,2610,0.5621851825825006
1496.jpg,996152,2320,4692,45412,0.8662444681825118,0.9283290404350137,False,False,2237,3794,2234,3784,0.5899976175583823
1497.jpg,992849,2475,3758,49494,0.8881511655032569,0.9407627754915844,False,False,2599,3865,2584,3864,0.6705859140348411
1510.jpg,971997,8300,2797,65482,0.8550908212434218,0.921885668832403,False,False,1877,3217,1850,3341,0.5682058517127461
1513.jpg,959811,4226,5155,79384,0.8943164535571453,0.9442101945298516,False,False,2153,4090,2148,4017,0.5305340089587419
1530.jpg,1004103,2415,4081,37977,0.8539338475029793,0.9212128562765313,False,False,1645,2811,1652,2795,0.588113656728684
1543.jpg,986068,4889,3869,53750,0.8598899340884367,0.9246675497600165,False,False,2193,4068,2154,4005,0.5384558959688492
1547.jpg,1002104,3589,2456,40427,0.8699216732656223,0.93043648373399,False,False,1743,2787,1755,2764,0.6301403556368287
1557.jpg,1011184,4465,683,32244,0.8623234916559692,0.926072721006376,False,False,1717,2497,1725,2428,0.6988567165880093
1565.jpg,1010338,4185,1041,33012,0.8633296720539777,0.9266526315789474,False,False,1672,2647,1690,2654,0.6342062624748651
1578.jpg,995660,18603,3443,30870,0.5833774283770504,0.7368772826009119,False,False,1993,5195,2014,3141,0.48005306306507256
1586.jpg,1024321,115,19070,5070,0.20902906617192332,0.34578005115089516,False,False,106,1011,104,1950,0.07070201767550442
1591.jpg,1007694,4899,3250,32733,0.800670221613424,0.8893024519459349,False,False,1829,3432,1872,3248,0.553789897144395
1601.jpg,1012019,2558,2967,31032,0.8488661542249091,0.9182559292192517,False,False,1953,2955,1990,2955,0.6671155334068857
1604.jpg,1011054,6961,2243,28318,0.7547039070412025,0.8602065613608748,False,False,1438,3144,1465,3578,0.43208762394981337
1608.jpg,961903,40733,6712,39228,0.4525976947838427,0.6231562894655325,False,False,2427,7286,2446,4233,0.42259705064739705
1613.jpg,1006356,2612,10865,28743,0.6807910942681193,0.810084128348576,False,False,944,2811,933,3041,0.32066017071133235
1614.jpg,1018048,2272,3487,24769,0.8113535115303984,0.895853301264083,False,False,1134,2289,1126,2291,0.4934428358112057
1617.jpg,1000181,8554,8649,31192,0.6445293935323897,0.7838466081143906,False,False,664,3482,661,2770,0.2119857556916618
1620.jpg,1027449,716,7824,12587,0.5957779145169688,0.7466927685827845,False,False,306,1704,299,1536,0.1868154754612501
1629.jpg,988540,9771,6388,43877,0.7308448264374708,0.8444949140146084,False,False,1522,4041,1536,3328,0.4147892441860465
163.jpg,1039589,817,2465,5705,0.634805830644264,0.7766131227879118,False,False,2484,2628,2583,3192,0.8719371243643087
1635.jpg,1001631,9203,1464,36278,0.7727766535307274,0.8718262980185766,False,False,1172,3106,1188,2966,0.3885906939358757
1637.jpg,1004633,1678,5688,36577,0.8323737569123637,0.9085196224540487,False,False,1424,2792,1409,2825,0.5043319314170347
165.jpg,1039547,0,7131,1898,0.21021154059142763,0.3473963576461975,False,False,772,1430,757,2622,0.3762224409613564
1660.jpg,994419,11519,6430,36208,0.6685746994848312,0.8013722126929674,False,False,2229,4753,2255,4256,0.49754860752523217
1664.jpg,1007447,6854,1348,32927,0.8005786671205233,0.8892459760181485,False,False,1556,3169,1563,2813,0.521325269890436
1666.jpg,1015393,3225,1454,28504,0.8589940632251454,0.924149334543745,False,False,1892,2805,1919,2829,0.6764152867051325
198.jpg,1019988,382,8071,20135,0.7043164964320694,0.8265090409047062,False,False,1437,2753,1453,2636,0.5361967149376846
229.jpg,1029890,691,10500,7495,0.4011024296264583,0.572552614491425,False,False,657,1870,639,2379,0.3044475699735998
236.jpg,1017465,2622,5063,23426,0.7529812606473595,0.859086491739553,False,False,1787,3155,1798,2872,0.5947320090395571
24.jpg,1040764,39,4277,3496,0.44751664106502814,0.6183233109303148,False,False,2096,2417,2112,2756,0.8136454534760615
248.jpg,1016111,4034,2710,25721,0.7922685969505622,0.8840958306121748,False,False,1961,2922,1957,3199,0.6400612495770995
25.jpg,1041308,240,2099,4929,0.6781783159053385,0.808231532344019,False,False,2486,2603,2537,2822,0.9261827862997101
254.jpg,1027485,958,3040,17093,0.8104404722393438,0.8952964592499476,False,False,1801,2516,1790,2536,0.7107923116542256
255.jpg,1025662,885,4409,17620,0.7689622065113031,0.869393595500074,False,False,1605,2541,1573,2426,0.6399071415889267
263.jpg,1008873,4020,858,34825,0.8771377477772461,0.9345480893087161,False,False,1991,2908,2052,3010,0.6831921335945792
27.jpg,1024538,1183,13091,9764,0.40619019885181795,0.5777172948346252,False,False,2098,4164,2107,5629,0.42952389789920803
273.jpg,1003370,4727,1615,38864,0.8597088882006814,0.9245628642797669,False,False,2223,3638,2217,3684,0.6063854408169609
276.jpg,1008409,5624,5409,29134,0.7253217815619787,0.8407959481104169,False,False,1178,3595,1175,3596,0.327213983855962
277.jpg,1003801,12414,4590,27771,0.6202345058626466,0.7656107848813167,False,False,444,3616,430,3640,0.12041475351935012
28.jpg,1024662,7242,639,16033,0.670444091327256,0.8027135955140561,False,False,1460,2844,1423,2660,0.5239393882842838
283.jpg,1006354,1955,4138,36129,0.8556913457439249,0.9222345598652218,False,False,2850,4130,2817,4102,0.6884013700374406
284.jpg,1003801,1757,3867,39151,0.874394193188163,0.9329885851821843,False,False,3026,4088,3004,4095,0.736881451236151
286.jpg,1000182,2689,8209,37496,0.7748067942306898,0.8731167772732565,False,False,2686,4713,2694,4227,0.6017397361157403
29.jpg,1037427,1397,1099,8653,0.7761234191407301,0.873952126047874,False,False,2283,2562,2320,2594,0.8927331685929359
3.jpg,1022913,8831,1125,15707,0.61204847445739,0.7593425187333817,False,False,2388,4485,2401,3716,0.583800272198363
301.jpg,981755,3105,8334,55382,0.8288113018362491,0.9063934600623552,False,False,1959,4104,1956,4110,0.47662472726702815
311.jpg,983921,5734,1331,57590,0.890727708607223,0.9422062252034848,False,False,1724,3034,1742,3085,0.5664416648874249
335.jpg,1013941,4483,5710,24442,0.7057023242384871,0.827462464241583,False,False,1350,3007,1368,2612,0.48346967240924343
34.jpg,1033292,4317,369,10598,0.6934048678356451,0.8189475311026968,False,False,1695,2687,1718,2468,0.6618561045219935
341.jpg,1013763,2420,7300,25093,0.7207939562806998,0.8377458017560845,False,False,1750,2967,1780,2936,0.5979311390636187
351.jpg,1015453,5543,54,27526,0.8310237599251276,0.9077148840046827,False,False,1402,2615,1421,2608,0.5404646101755334
360.jpg,1011034,19411,368,17763,0.4731500719194502,0.642365066449688,False,False,852,3410,868,1755,0.3319922606248064
380.jpg,1024719,2096,1318,20443,0.8568973466906987,0.9229345372460497,False,False,2050,2692,2061,2689,0.7639777799918305
381.jpg,1022093,2320,1078,23085,0.8716912736472454,0.9314477081988379,False,False,2112,2640,2106,2596,0.8055847757483026
383.jpg,1025129,3738,226,19483,0.8309378598541391,0.9076636384812485,False,False,1963,2730,1970,2754,0.7171805572633005
395.jpg,1015989,2367,1389,28831,0.8847393132230644,0.9388452896544986,False,False,1995,2640,2002,2644,0.756433202084079
400.jpg,999988,10726,716,37146,0.764509755495184,0.8665406956400028,False,False,1588,4049,1570,4074,0.388753170988494
419.jpg,1004281,3575,5733,34987,0.7898634157354103,0.8825963018087334,False,False,1386,2586,1390,2708,0.5243835321131632
431.jpg,1027337,3583,898,16758,0.7890201986910872,0.8820696370766113,False,False,1653,2460,1703,2530,0.672536364581131
432.jpg,1015569,5599,1997,25411,0.7698669979095344,0.8699715841007909,False,False,2574,4137,2551,4221,0.6131449676704652
438.jpg,1015142,2304,1918,29212,0.8737213614883054,0.9326054337068608,False,False,1939,2706,1984,2770,0.7164006110393423
454.jpg,1032398,7491,175,8512,0.5261466188651255,0.6895099230457675,False,False,1044,2573,1054,1963,0.46221526242545646
472.jpg,1028889,2569,3607,13511,0.686290445471631,0.813964696668474,False,False,1737,2999,1731,2715,0.6069807243684002
48.jpg,1036573,2488,100,9415,0.7843872365242023,0.8791670557475021,False,False,2431,2668,2475,2736,0.9078754742911774
486.jpg,1026334,3173,2429,16640,0.7481341605970686,0.8559230492258628,False,False,2291,3356,2294,2871,0.7362717824339587
491.jpg,1019052,1210,5535,22779,0.7715417965045387,0.8710399021088656,False,False,3510,4696,3501,4763,0.7411908974099385
496.jpg,1014752,2835,1629,29360,0.8680227057710501,0.9293492023297037,False,False,3269,4001,3279,3969,0.8215739746469871
511.jpg,1032409,2568,1177,12422,0.7683552916434713,0.8690055615796285,False,False,1889,2567,1900,2247,0.786920858335938
517.jpg,1029622,879,3094,14981,0.7903872533502163,0.8829232355974658,False,False,1934,2546,1927,2511,0.7635032147779812
519.jpg,1018495,9070,1085,19926,0.6624114889797547,0.7969284300197972,False,False,2119,4033,2103,3175,0.5859939994308717
524.jpg,1004275,5813,4009,34479,0.7782894291325252,0.8753236862147753,False,False,2273,4347,2264,4197,0.5310323217804461
530.jpg,1008734,950,4296,34596,0.8683299031173134,0.9295252424836777,False,False,1652,2746,1652,2726,0.6038011695906433
535.jpg,1025926,3603,2120,16927,0.7473289183222958,0.8553958106981328,False,False,2041,3128,2074,2577,0.7206925198488925
573.jpg,1013287,4405,635,30249,0.8571792909971946,0.9230980499862675,False,False,2042,3108,2053,3159,0.6534322593898936
604.jpg,1014423,3349,2503,28301,0.8286534125845461,0.9062990360905626,False,False,3820,4866,3813,4964,0.7764927563412167
618.jpg,1032871,1093,1200,13412,0.8539955428207577,0.9212487550228389,False,False,2589,2830,2591,2731,0.9314806011404915
630.jpg,1022113,2884,1887,21692,0.819710539243472,0.9009240992627973,False,False,2096,2892,2113,2704,0.7520300754433121
661.jpg,1012540,6447,2787,26802,0.7437562437562437,0.8530507018046405,False,False,2818,4410,2872,4104,0.668022968650539
665.jpg,1029094,1005,2421,16056,0.8241453649522636,0.9035961505993584,False,False,2472,2845,2505,2933,0.8614198370033014
702.jpg,1031793,711,1758,14314,0.8528868497884764,0.9206032736276811,False,False,2376,2617,2406,2638,0.9099774839844991
713.jpg,1024897,4987,3255,15437,0.6519278685755311,0.7892933837815728,False,False,1218,2797,1209,1822,0.5258427905168023
745.jpg,1025548,5104,986,16938,0.735539343408025,0.8476204774057949,False,False,1982,2902,1990,2590,0.7231481175905452
747.jpg,1017674,3491,2180,25231,0.816484369943693,0.8989720841572694,False,False,2914,3952,2877,3862,0.7411299937075038
749.jpg,1011944,5972,3323,27337,0.7462601004586155,0.8546952430083321,False,False,1984,3757,1974,2945,0.5907470421665021
750.jpg,1017388,2329,3087,25772,0.8263434654354239,0.9049157303370786,False,False,1914,2772,1901,2691,0.6983614241105643
771.jpg,1011739,6419,6197,24221,0.6575182561012026,0.7933767892823217,False,False,1412,4123,1391,3140,0.3862987206027709
778.jpg,1004379,9089,7309,27799,0.6289793424893092,0.772237346519251,False,False,1603,4193,1607,3596,0.4120796583797899
789.jpg,1001010,9077,8056,30433,0.6398057435983686,0.7803433377350991,False,False,3097,5818,3084,4941,0.5745917377202322
8.jpg,1029409,2658,1102,15407,0.8038294986174154,0.8912477584311911,False,False,2065,2702,2077,2728,0.7628034425533559
80.jpg,994936,6994,9024,37622,0.7013795674869501,0.8244833556135084,False,False,2264,4868,2270,4645,0.4765953342755293
831.jpg,1018056,640,10183,19697,0.6453800786369593,0.7844753768644085,False,False,1909,3762,1902,3964,0.4932441280752041
836.jpg,1023254,3068,1800,20454,0.8077561014137904,0.8936560643131772,False,False,2030,2996,2069,2945,0.6898323850212293
845.jpg,1000363,11606,4750,31857,0.6607553979217223,0.7957287373548145,False,False,2185,4879,2199,3462,0.5253061064512314
854.jpg,986152,2617,10387,49420,0.791682686146354,0.8837309109116269,False,False,2566,4593,2536,4730,0.5471825385280186
863.jpg,970699,9759,7020,61098,0.7845448592010478,0.8792660550458715,False,False,2905,6011,2885,5402,0.5074036890776005
864.jpg,1004929,2353,3562,37732,0.8644809494352418,0.9273154007790708,False,False,3018,4036,3028,4045,0.7481740622898743
869.jpg,993268,13675,11836,29797,0.5387466550951038,0.7002408789142823,False,False,1900,6478,1876,4133,0.3563432884315197
879.jpg,984035,7875,8522,48144,0.7459444384189895,0.8544881750011093,False,False,2951,5525,2953,5024,0.5596648344606681
881.jpg,1001140,3067,2740,41629,0.8775824268488068,0.9348004266546904,False,False,3206,4114,3171,4034,0.7826646482795118
886.jpg,1006501,5206,2476,34393,0.8174212715389186,0.89953967672752,False,False,2546,3730,2516,3487,0.7015148241360395
896.jpg,990374,5931,2404,49867,0.8567918628225835,0.9228733494341578,False,False,2037,3687,2005,3546,0.5588788227293823
898.jpg,996060,3844,7142,41530,0.7908066113184553,0.8831848244476107,False,False,1725,3752,1707,3355,0.4830324115597071
902.jpg,987913,6534,2198,51931,0.8560572342284424,0.9224470220438034,False,False,4143,5660,4145,5652,0.7326730996240881
921.jpg,994805,4056,5142,44573,0.828941250860129,0.9064711624501749,False,False,2696,4794,2693,4750,0.5646492205198567
924.jpg,989229,5180,3732,50435,0.8498323419886431,0.9188209360368731,False,False,2341,4197,2312,4071,0.5628037283566454
945.jpg,1003125,2638,5395,37418,0.8232602142967151,0.9030638718941945,False,False,1528,3063,1522,2959,0.5064915011458921
948.jpg,996902,3199,1747,46728,0.9042845531601966,0.9497367939676022,False,False,1592,2582,1593,2575,0.617606811838404
959.jpg,1017996,2961,8925,18694,0.6113145846958796,0.7587774485529895,False,False,900,3366,913,3229,0.2748501569927239
985.jpg,991611,1636,6834,48495,0.8513122092512947,0.9196851886971363,False,False,1605,2653,1561,2502,0.6142924586765083
990.jpg,940507,13141,4312,90616,0.8385013278553517,0.9121574351360193,False,False,2012,4397,2037,4060,0.4786389627249194
c18.jpg,1034819,7676,51,6030,0.4383223086428727,0.6094910800020216,False,False,928,2944,932,3421,0.29226884667996733
c21.jpg,1045388,17,3128,43,0.013488080301129234,0.02661714639430517,False,False,60,60,104,2817,0.07120849024306745
c3.jpg,1044614,205,1876,1881,0.4747602221100454,0.6438473386958754,False,False,1806,1819,2307,2645,0.9286306279861496
c31.jpg,1046292,90,1991,203,0.08887915936952714,0.16324889425010053,False,False,292,293,457,2051,0.3642065358157079
c39.jpg,1045482,291,2243,560,0.18099547511312217,0.3065134099616858,False,False,659,699,786,2545,0.46526651543248826
c44.jpg,1044732,2,3781,61,0.01586888657648283,0.031241997439180536,False,False,61,63,122,3031,0.07728856509344313
c50.jpg,1042137,15,6341,83,0.01289020034166796,0.025452315240723705,False,False,91,93,155,5624,0.053610896257879626
c60.jpg,1043780,37,4609,150,0.03127606338615513,0.0606550748079256,False,False,175,182,355,4542,0.14456751913992508
c83.jpg,1042909,3492,566,1609,0.28392447503088053,0.4422759758108851,False,False,1076,1827,1059,1933,0.5676557233029309
c98.jpg,1044995,30,3474,77,0.02150237363864842,0.04209950792782941,False,False,85,105,130,3426,0.0724922915436594
